Artist Name,Slug,Category,Image URL,Bio
Alfa,alfa,acoustic-piano,https://kawaius.com/wp-content/uploads/2018/01/Alfa.jpg,
Rod Argent,rod-argent,digital-piano,https://kawaius.com/wp-content/uploads/2018/01/Rod_Argent-1.jpg,
David Arnay,david-arnay,acoustic-piano,https://kawaius.com/wp-content/uploads/2018/01/David_Arnay.jpg,
Barry Baker,barry-baker,acoustic-piano,https://kawaius.com/wp-content/uploads/2018/01/Barry_Baker.jpg,
Michael Bearden,michael-beardon,acoustic-piano,https://kawaius.com/wp-content/uploads/2018/01/Michael_Bearden.jpg,
Joe Bongiorno,joe-bongiorno,acoustic-piano,https://kawaius.com/wp-content/uploads/2018/01/Joe_Bongiorno.jpg,
Tim Brantley,tim-brantley,digital-piano,https://kawaius.com/wp-content/uploads/2018/01/Tim_Brantley.jpg,
Christine Brown,christine-brown,acoustic-piano,https://kawaius.com/wp-content/uploads/2018/01/Christine_Brown.jpg,
Jon Carin,jon-carin,digital-piano,https://kawaius.com/wp-content/uploads/2018/01/Jon_Carin.jpg,
Jake Clayton,jake-clayton,digital-piano,https://kawaius.com/wp-content/uploads/2018/01/Jake_Clayton.jpg,
Carol Connors,carol-connors,digital-piano,https://kawaius.com/wp-content/uploads/2018/01/Carol_Connors.jpg,
Boh Cooper,boh-cooper,digital-piano,https://kawaius.com/wp-content/uploads/2018/01/Boh_Cooper.png,
Rudy Currence,rudy-currence,digital-piano,https://kawaius.com/wp-content/uploads/2018/01/Rudy_Currence.jpg,
Kim Deardorff,kim-deardorff,digital-piano,https://kawaius.com/wp-content/uploads/2018/01/Kim_Deardorff.jpg,
Matt Falker,matt-falker,acoustic-piano,https://kawaius.com/wp-content/uploads/2018/01/m.falker@300.jpg,
Junko Ueno Garrett,junko-ueno-garrett,acoustic-piano,https://kawaius.com/wp-content/uploads/2018/01/Junko_Ueno_Garrett.jpg,
Tim Glemser,tim-glemser,acoustic-piano,https://kawaius.com/wp-content/uploads/2018/01/Tim_Glemser3.jpg,
Kirill Gliadkovsky,kirill-gliadkovsky,acoustic-piano,https://kawaius.com/wp-content/uploads/2018/01/Kirill_Gliadkovsky-1.jpg,
Marty Grebb,marty-grebb,digital-piano,https://kawaius.com/wp-content/uploads/2018/01/Marty_Grebb.jpg,
Danny Guerrero,danny-guerrero,acoustic-piano,https://kawaius.com/wp-content/uploads/2018/01/Danny_Guerrero.jpg,
Brad Jacobsen,brad-jacobsen,acoustic-piano,https://kawaius.com/wp-content/uploads/2018/01/Brad_Jacobsen.jpg,
Mike Jones,mike-jones,acoustic-piano,https://kawaius.com/wp-content/uploads/2018/01/Mike_Jones.jpg,
John-Paul Kaplan,john-paul-kaplan,acoustic-piano,https://kawaius.com/wp-content/uploads/2018/01/John-Paul_Kaplan-1.jpg,
David Korevaar,david-korevaar,acoustic-piano,https://kawaius.com/wp-content/uploads/2018/01/David_Korevaar-1.jpg,
Stephen Large,stephen-large,digital-piano,https://kawaius.com/wp-content/uploads/2018/01/Stephen_Large.jpg,
Joshua Levy,joshua-levy,digital-piano,https://kawaius.com/wp-content/uploads/2018/01/Joshua_Levy.jpg,
Isha Love,isha-love,digital-piano,https://kawaius.com/wp-content/uploads/2018/01/Isha_Love.jpg,
Francisco Loyo,francisco-loyo,digital-piano,https://kawaius.com/wp-content/uploads/2018/01/Francisco_Loyo.jpg,
Bobby Lyle,bobby-lyle,acoustic-piano,https://kawaius.com/wp-content/uploads/2018/01/Bobby_Lyle.jpg,
Yuko Maruyama,yuko-maruyama,acoustic-piano,https://kawaius.com/wp-content/uploads/2018/01/Yuko_Maruyama.jpg,
Craig Morris,craig-morris,digital-piano,https://kawaius.com/wp-content/uploads/2018/01/Craig_Morris.jpg,
Muse,muse,digital-piano,https://kawaius.com/wp-content/uploads/2018/01/Muse-1.jpg,"Muse is an alternative rock band from Teignmouth, England, United Kingdom. The band consists of Matthew Bellamy on lead vocals, piano, keyboard and guitar, Chris Wolstenholme on backing vocals and bass guitar, and Dominic Howard on drums and percussion."
Steve Nieve,steve-nieve,digital-piano,https://kawaius.com/wp-content/uploads/2018/01/Steve_Nieve-1.jpg,
Nichole Nordeman,nichole-nordeman,acoustic-piano,https://kawaius.com/wp-content/uploads/2018/01/Nichole_Nordeman-min.jpg,
Christopher Norton,christopher-norton,acoustic-piano,https://kawaius.com/wp-content/uploads/2018/01/Christopher_Norton.jpg,
OneRepublic,onerepublic,digital-piano,https://kawaius.com/wp-content/uploads/2024/06/One-Republic-scaled.jpg,"GRAMMY® nom OneRepublic has singer-songwriter/lead Ryan Tedder, guitarists Z. Filkins/D. Brown, keys B. Willett, bassist/cellist B. Kutzle & drummer E. Fisher. OneRepublic's latest album, Human, has amassed 2.5 billion+ global streams."
Rae Ann Perez,rae-ann-perez,acoustic-piano,https://kawaius.com/wp-content/uploads/2018/01/Rae_Ann_Perez.jpg,
Scars on 45,scars-on-45,digital-piano,https://kawaius.com/wp-content/uploads/2018/09/Scars-on-45.jpg,
Neil Sedaka,neil-sedaka,acoustic-piano,https://kawaius.com/wp-content/uploads/2018/01/Neil_Sedaka.jpg,
Mark Siegel,mark-siegel,digital-piano,https://kawaius.com/wp-content/uploads/2018/01/Mark_Siegel-REPLACE.jpg,
Laura Story,laura-story,digital-piano,https://kawaius.com/wp-content/uploads/2018/01/Laura_Story.jpg,
Phil Thompson,phil-thompson,acoustic-piano,https://kawaius.com/wp-content/uploads/2018/01/Phil_Thompson.jpg,
Michelle Tumes,michelle-tumes,digital-piano,https://kawaius.com/wp-content/uploads/2018/01/Michelle-Tumes.jpg,
Alina Uddin,alina-uddin,acoustic-piano,https://kawaius.com/wp-content/uploads/2018/01/Alina_Uddin-Hi.jpg,
Scott Watkins,scott-watkins,acoustic-piano,https://kawaius.com/wp-content/uploads/2018/01/Scott_Watkins.jpg,
Clayton Watson,clayton-watson,acoustic-piano,https://kawaius.com/wp-content/uploads/2018/01/Clayton_Watson.jpg,
Jason D. Williams,jason-d-williams,digital-piano,https://kawaius.com/wp-content/uploads/2018/01/Jason_D_Williams.jpg,
David Witham,david-witham,digital-piano,https://kawaius.com/wp-content/uploads/2018/01/David_Witham.jpg,
Joe Yamada,joe-yamada,acoustic-piano,https://kawaius.com/wp-content/uploads/2018/01/Joe_Yamada.jpg,
Joseph Akins,joseph-akins,acoustic-piano,https://kawaius.com/wp-content/uploads/2018/11/Joseph-Akins-1.jpg,
Dan Haerle,dan-haerle,acoustic-piano,https://kawaius.com/wp-content/uploads/2019/03/Dan-Haerle.jpg,
Yan Shen,yan-shen,acoustic-piano,https://kawaius.com/wp-content/uploads/2019/03/Yan-Shen.jpg,
AyseDeniz Gokcin,aysedeniz-gokcin,acoustic-piano,https://kawaius.com/wp-content/uploads/2019/04/AyseDeniz.jpg,
Dr Jelena Vladikovic,dr-jelena-vladikovic,acoustic-piano,https://kawaius.com/wp-content/uploads/2019/06/Jelena-Vladikovic.jpg,
Joey Lieber,joey-lieber,acoustic-piano,https://kawaius.com/wp-content/uploads/2020/03/Joey-Lieber.jpg,
Antonia Daskalova,antonia-daskalova,acoustic-piano,https://kawaius.com/wp-content/uploads/2022/05/Antonia-Daskalova.jpeg,
Steven Curtis Chapman,steven-curtis-chapman,digital-piano,https://kawaius.com/wp-content/uploads/2023/02/Steven-Curtis-Chapman.jpg,"Steven Curtis Chapman is the most awarded artist in Christian music history. With 59 Gospel Music Association (GMA) Dove Awards, five GRAMMY®Awards, an American Music Award, and 49 No. 1 singles, he has sold more than 11 million records."
Barry Conrad,barry-conrad,"acoustic-piano,digital-piano,piano",https://kawaius.com/wp-content/uploads/2025/07/Barry-Conrad-scaled-e1752685234762.jpg,
Vardan Ovsepian,vardan-ovsepian,"acoustic-piano,digital-piano",https://kawaius.com/wp-content/uploads/2025/07/Vardan-photo-2-scaled.jpg,"Vardan has collaborated with artists like Mick Goodrick, Peter Erskine, Jerry Bergonzi, Tim Miller, Ben Monder, David Binney, and has released 20+ albums as a leader and co-leader."
Michael Seaman,michael-seaman,digital-piano,https://kawaius.com/wp-content/uploads/2025/10/Michael-Seaman-Edited-1.jpg,"Michael Seaman is LA-based pianist, composer, and music director attracting the attention of audiences and musicians alike for his passionate and fresh take on the jazz and pop traditions."
David Snyder,david-snyder,"acoustic-piano,digital-piano,piano",https://kawaius.com/wp-content/uploads/2025/10/David-Snyder-Photo-3-1-scaled.jpg,"David Snyder is a pianist and composer raised in rural North Dakota and now based in the vibrant city of Los Angeles. With over twelve years of classical training, he has delicately translated his expertise into creating breathtaking solo piano and instrumental tracks."
Artem Kuznetsov,artem-kuznetsov,"acoustic-piano,digital-piano",https://kawaius.com/wp-content/uploads/2025/11/IMG_4089-scaled.jpg,
Sergio De Miguel,sergio-de-miguel,"acoustic-piano,digital-piano",https://kawaius.com/wp-content/uploads/2025/12/DSC06234-2-scaled.jpg,
Artur Zakiyan,artur-zakiyan,"acoustic-piano,digital-piano",https://kawaius.com/wp-content/uploads/2025/12/artururur-scaled.jpg,
