name,slug,categories,image_url,artist_page_url,bio_text,featured
"Alfa","alfa","acoustic-piano","https://kawaius.com/wp-content/uploads/2018/01/Alfa.jpg","https://kawaius.com/artists/acoustic-piano/alfa/","Alfa is a singer/songwriter who can be found playing guitar, a ukulele, a violin, or tinkering with the ivories. Since the age of 15, she has released 5 CD’s of original music in the folk-pop genre, and has been heard on E!’s Keeping Up with the Kardashians and MTV’s Friendzone. Her latest album, “World Go [&#8230;] Alfa Alfa is a singer/songwriter who can be found playing guitar, a ukulele, a violin, or tinkering with the ivories. Since the age of 15, she has released 5 CD’s of original music in the folk-pop genre, and has been heard on E!’s Keeping Up with the Kardashians and MTV’s Friendzone.","yes"
"Barry Baker","barry-baker","acoustic-piano","https://kawaius.com/wp-content/uploads/2018/01/Barry_Baker.jpg","https://kawaius.com/artists/acoustic-piano/barry-baker/","For the past 13 years Barry has been performing solo theatre organ concerts at major venues from New York to Los Angeles. He has concertized throughout England, Scotland, Wales, New Zealand and Australia (which included Melbourne, Sydney, Perth, and Adelaide). Barry was selected as the only American representative to perform a concert for the 1996 [&#8230;] Barry Baker For the past 13 years Barry has been performing solo theatre organ concerts at major venues from New York to Los Angeles. He has concertized throughout England, Scotland, Wales, New Zealand and Australia (which included Melbourne, Sydney, Perth, and Adelaide). Barry was selected as the only American representative to perform a concert for the 1996 Theatre Organ Society of Australia National Convention, held in Sydney. In 1999, he was the recipient of the American Theatre Organ Society &#8220;Organist Of The Year&#8221; award.","yes"
"Christine Brown","christine-brown","acoustic-piano","https://kawaius.com/wp-content/uploads/2018/01/Christine_Brown.jpg","https://kawaius.com/artists/acoustic-piano/christine-brown/","A gifted solo pianist and composer, Christine&#8217;s music is a unique blend of contemporary/new age with a classical influence. Her latest CD, &#8220;Souvenirs&#8221; has been awarded Best Piano Album of the Year 2014 by Whisperings Solo Piano Radio. Previous albums have received numerous nominations and accolades, and her music can be heard worldwide, featured on [&#8230;] Christine Brown A gifted solo pianist and composer, Christine&#8217;s music is a unique blend of contemporary/new age with a classical influence. Her latest CD, &#8220;Souvenirs&#8221; has been awarded Best Piano Album of the Year 2014 by Whisperings Solo Piano Radio. Previous albums have received numerous nominations and accolades, and her music can be heard worldwide, featured on Pandora, iTunes, Spotify, Muzak, cable and satelite channels.","yes"
"David Arnay","david-arnay","acoustic-piano","https://kawaius.com/wp-content/uploads/2018/01/David_Arnay.jpg","https://kawaius.com/artists/acoustic-piano/david-arnay/","Born and raised in the New York City area, David Arnay moved to Los Angeles in 1987, where he’s been working steadily as a player, teacher, composer and producer. He serves on the Jazz Studies Faculty at the University of Southern California, and at Pasadena City College. David&#8217;s collaborations with woodwind artist Bennie Maupin (Miles [&#8230;] David Arnay Born and raised in the New York City area, David Arnay moved to Los Angeles in 1987, where he’s been working steadily as a player, teacher, composer and producer. He serves on the Jazz Studies Faculty at the University of Southern California, and at Pasadena City College.","yes"
"Joe Bongiorno","joe-bongiorno","acoustic-piano","https://kawaius.com/wp-content/uploads/2018/01/Joe_Bongiorno.jpg","https://kawaius.com/artists/acoustic-piano/joe-bongiorno/","After abandoning his classical training as a child, Joe returned to the piano in his late 20&#8217;s and discovered a wonderful channel of peace & emotional release. All of Joe&#8217;s solo piano recordings are self produced at his Piano Haven Recording Studio. “Into the Wind will thrill Joe Bongiorno’s fans… smooth and melodic with an [&#8230;] Joe Bongiorno After abandoning his classical training as a child, Joe returned to the piano in his late 20&#8217;s and discovered a wonderful channel of peace & emotional release. All of Joe&#8217;s solo piano recordings are self produced at his Piano Haven Recording Studio.","yes"
"Matt Falker","matt-falker","acoustic-piano","https://kawaius.com/wp-content/uploads/2018/01/m.falker@300.jpg","https://kawaius.com/artists/acoustic-piano/matt-falker/","Matt Falker is on full-time faculty at MiraCosta College in Oceanside, CA, where he directs the Frequency vocal jazz program and teaches theory and piano classes. He has also joined the faculty at the Bob Cole Conservatory of Music at CSU Long Beach, teaching private jazz voice lessons. His previous faculty positions include the University [&#8230;] Matt Falker Matt Falker is on full-time faculty at MiraCosta College in Oceanside, CA, where he directs the Frequency vocal jazz program and teaches theory and piano classes. He has also joined the faculty at the Bob Cole Conservatory of Music at CSU Long Beach, teaching private jazz voice lessons. His previous faculty positions include the University of Southern California and Cal State Northridge. He is the founder and director of the Oceanside Jazz Festival, a non-competitive vocal jazz and big band festival hosted at MiraCosta College.","yes"
"Michael Beardon","michael-beardon","acoustic-piano","https://kawaius.com/wp-content/uploads/2018/01/Michael_Bearden.jpg","https://kawaius.com/artists/acoustic-piano/michael-beardon/","Michael is a rare musical talent, an accomplished musician who has risen to the top of his game, collaborating and performing with today’s hottest artists. His diverse musical skills have been sought by the likes of Brandy, Christina Aguilera, Ricky Martin, Destiny’s Child, D’Angelo, and Jennifer Lopez. He has performed and/or recorded with some [&#8230;] Tags: michael beardon","yes"
"Boh Cooper","boh-cooper","digital-piano","https://kawaius.com/wp-content/uploads/2018/01/Boh_Cooper.png","https://kawaius.com/artists/digital-piano/boh-cooper/","Boh Cooper has been a performing keyboardist with many artists including Rascal Flatts, Michael W. Smith, Kim Carnes, Steven Curtis Chapman, Michael English, Loverboy, and Peter Cetera. Boh Cooper &#8211; a singer-songwriter in his own right – lives just outside of Nashville, TN with his wife Jeri and son Luke. &#8220;Kawai makes the best feeling [&#8230;] Boh Cooper Boh Cooper has been a performing keyboardist with many artists including Rascal Flatts, Michael W. Smith, Kim Carnes, Steven Curtis Chapman, Michael English, Loverboy, and Peter Cetera.","yes"
"Carol Connors","carol-connors","digital-piano","https://kawaius.com/wp-content/uploads/2018/01/Carol_Connors.jpg","https://kawaius.com/artists/digital-piano/carol-connors/","Carbon Fiber Technology Kawai Piano Actions ABS - The Truth Sound Technology Keyboard Actions Soundboard Speaker System","yes"
"Jake Clayton","jake-clayton","digital-piano","https://kawaius.com/wp-content/uploads/2018/01/Jake_Clayton-1024x683.jpg","https://kawaius.com/artists/digital-piano/jake-clayton/","Jake Clayton is a self-taught multi-instrumentalist with a long list of instruments played, including piano, fiddle, dobro, banjo, and mandolin. Although still in his 20’s, Jake has established himself as a top Nashville musician, performing now with both the legendary Tanya Tucker and with chart topping country artist Jimmy Wayne. Jake accompanied Jimmy Wayne on [&#8230;] Jake Clayton Jake Clayton is a self-taught multi-instrumentalist with a long list of instruments played, including piano, fiddle, dobro, banjo, and mandolin. Although still in his 20’s, Jake has established himself as a top Nashville musician, performing now with both the legendary Tanya Tucker and with chart topping country artist Jimmy Wayne. Jake accompanied Jimmy Wayne on country music’s largest tour of 2009, headlined by Brad Paisley.","yes"
"Jon Carin","jon-carin","digital-piano","https://kawaius.com/wp-content/uploads/2018/01/Jon_Carin.jpg","https://kawaius.com/artists/digital-piano/jon-carin/","Jon Carin is a Grammy Award winning musician, singer, songwriter and producer who has been a longtime collaborator with Pink Floyd and the solo careers of David Gilmour and Roger Waters. He has also performed and recorded with The Who, Pete Townshend, Eddie Vedder, Kate Bush, Bryan Ferry, Soul Asylum, The Psychedelic Furs and Gipsy [&#8230;] Jon Carin Jon Carin is a Grammy Award winning musician, singer, songwriter and producer who has been a longtime collaborator with Pink Floyd and the solo careers of David Gilmour and Roger Waters. He has also performed and recorded with The Who, Pete Townshend, Eddie Vedder, Kate Bush, Bryan Ferry, Soul Asylum, The Psychedelic Furs and Gipsy Kings to name a few.","yes"
"Kim Deardorff","kim-deardorff","digital-piano","https://kawaius.com/wp-content/uploads/2018/01/Kim_Deardorff-1024x1024.jpg","https://kawaius.com/artists/digital-piano/kim-deardorff/","Based in Nashville, TN, Kim Deardorff travels nationwide speaking and performing for audiences of all ages and sizes. He has and continues to work with a number of music and entertainment companies along with a host of prominent and award-winning artists, songwriters, and producers. From humble beginnings as a newborn orphan in Korea, Mr. Deardorff [&#8230;] Kim Deardorff Based in Nashville, TN, Kim Deardorff travels nationwide speaking and performing for audiences of all ages and sizes. He has and continues to work with a number of music and entertainment companies along with a host of prominent and award-winning artists, songwriters, and producers.","yes"
"Michael Seaman","michael-seaman","digital-piano","","https://kawaius.com/artists/digital-piano/michael-seaman/","Seaman’s performance and compositional background spans numerous genres, comfortably fitting into the idioms of jazz, classical, pop, rock, country, blues, musical theatre and more. His interpretation of musical tradition regularly draws audiences to some of LA’s top venues (Vibrato Jazz Grill, Disneyland Resort, Catalina Jazz Club, The Starlight Amphitheater Burbank, etc.) and his performances have [&#8230;]","no"
"Muse","muse","digital-piano","https://kawaius.com/wp-content/uploads/2018/01/Muse-1-150x150.jpg","https://kawaius.com/artists/digital-piano/muse/","Muse is an alternative rock band from Teignmouth, England, United Kingdom. The band consists of Matthew Bellamy on lead vocals, piano, keyboard and guitar, Chris Wolstenholme on backing vocals and bass guitar, and Dominic Howard on drums and percussion. Their sound is a blend of alternative rock, classical music, electronica, metal, Spanish guitars, and progressive [&#8230;]","yes"
"Onerepublic","onerepublic","digital-piano","https://kawaius.com/wp-content/uploads/2018/01/Open-Republic-Band-Photo-scaled.jpg","https://kawaius.com/artists/digital-piano/onerepublic/","GRAMMY® nominated OneRepublic, is comprised of singer/songwriter and lead vocalist Ryan Tedder, guitarists Zach Filkins and Drew Brown, keys Brian Willett, bassist and cellist Brent Kutzle, and drummer Eddie Fisher. The band released their debut set Dreaming Out Loud in 2007. The release included the 20mm selling smash single “Apologize,” which shattered digital sales and [&#8230;]","yes"
"Rod Argent","rod-argent","digital-piano","https://kawaius.com/wp-content/uploads/2018/01/Rod_Argent-1.jpg","https://kawaius.com/artists/digital-piano/rod-argent/","Rod was born in 1945 in St. Albans. His early musical education consisted of a couple of years piano lessons and several years as a member of St.Albans Cathedral Choir. In 1956, he heard Elvis sing &#8216;Hound Dog&#8217;, and in that moment fell in love with rock &#8216;n&#8217; roll. He soon went to his first [&#8230;] Rod Argent Rod was born in 1945 in St. Albans. His early musical education consisted of a couple of years piano lessons and several years as a member of St.Albans Cathedral Choir.","yes"
"Rudy Currence","rudy-currence","digital-piano","https://kawaius.com/wp-content/uploads/2018/01/Rudy_Currence-1024x680.jpg","https://kawaius.com/artists/digital-piano/rudy-currence/","Refreshing but familiar, innovative yet classic, these are just a few words that come to mind when describing the voice, the music, the artist&#8230; Rudy Currence. Rudy&#8217;s musical background spans almost every genre. He has extensive classical and jazz piano training as well as experience singing Classical, R&B, Gospel, Hip Hop, Soul, and Pop music. [&#8230;] Rudy Currence Refreshing but familiar, innovative yet classic, these are just a few words that come to mind when describing the voice, the music, the artist&#8230; Rudy Currence. Rudy&#8217;s musical background spans almost every genre. He has extensive classical and jazz piano training as well as experience singing Classical, R&B, Gospel, Hip Hop, Soul, and Pop music. All of these styles mixed with his own creative expression make his live performance a rare jewel that you don&#8217;t want to miss!","yes"
"Steven Curtis Chapman","steven-curtis-chapman","digital-piano","https://kawaius.com/wp-content/uploads/2023/02/Steven-Curtis-Chapman.jpg","https://kawaius.com/artists/digital-piano/steven-curtis-chapman/","In a career that has spanned more than three decades, Steven Curtis Chapman is the most awarded artist in Christian music history. With 59 Gospel Music Association (GMA) Dove Awards, five GRAMMY®Awards, an American Music Award, and 49 No. 1 singles, he has sold more than eleven million albums with ten RIAA-Certified® Gold or Platinum [&#8230;] Steven Curtis Chapman In a career that has spanned more than three decades, Steven Curtis Chapman is the most awarded artist in Christian music history. With 59 Gospel Music Association (GMA) Dove Awards, five GRAMMY®Awards, an American Music Award, and 49 No. 1 singles, he has sold more than eleven million albums with ten RIAA-Certified® Gold or Platinum albums to his credit.","yes"
"Tim Brantley","tim-brantley","digital-piano","https://kawaius.com/wp-content/uploads/2018/01/Tim_Brantley.jpg","https://kawaius.com/artists/digital-piano/tim-brantley/","An emerging piano player and singer who&#8217;s being compared to Bruce Springsteen and Elton John, Tim Brantley brings considerable piano skills and vocal talent to the stage. His debut album &#8220;Goldtop Heights&#8221; is receiving critical acclaim and a recent live performance evoked the following comments from Performing Songwriter magazine. &#8220;His powerful voice had the crowd [&#8230;] Tim Brantley An emerging piano player and singer who&#8217;s being compared to Bruce Springsteen and Elton John, Tim Brantley brings considerable piano skills and vocal talent to the stage. His debut album &#8220;Goldtop Heights&#8221; is receiving critical acclaim and a recent live performance evoked the following comments from Performing Songwriter magazine. &#8220;His powerful voice had the crowd silent and at full attention within moments. Think of him as a young Elton John&#8221;.","yes"