ID,Store Name,Address,Address 2,City,State,ZIP,Categories,Latitude,Longitude,Published
1687,Academy of Music,C – 51 St. Anne's Rd,,Winnipeg,Manitoba,R2M244,"Acoustic Pianos, Digital Pianos",49.8626028,-97.1092020,Yes
1671,Alamo Music,1530 Babcock Rd,,San Antonio,TX,78226,"Acoustic Pianos, Digital Pianos",29.4905528,-98.5692152,Yes
1670,Alamo Music - Piano Showroom,"9012 Research Blvd, Suite C-15",,Austin,TX,78757,"Acoustic Pianos, Digital Pianos",30.3705389,-97.7251420,Yes
1669,Alamo Music Center Inc,425 North Main Avenue,,San Antonio,TX,78205,"Acoustic Pianos, Digital Pianos",29.4291759,-98.4941509,Yes
1468,Allegro Pianos,"1068 Long Ridge Rd,",,Stamford,CT,06903,"Acoustic Pianos, Digital Pianos",41.1049934,-73.5678326,Yes
1470,Andrea's Music Studio,"92 Queen Street,",,Dartmouth,NS,B2Y 1G8,Digital Pianos,44.6681732,-63.5647223,Yes
1717,Andy Owings Music Center,"2000 Coastal Grand Circle, Suite 338",,Myrtle Beach,SC,29577,"Acoustic Pianos, Digital Pianos",33.7027924,-78.9242565,Yes
1471,Arizona Piano Company,"4134 E. Wood Street, Suite 200,",,Phoenix,AZ,85040,"Acoustic Pianos, Digital Pianos",33.4101747,-111.9901624,Yes
1694,Artist Music Center,"5024 Campbell Blvd, Suite K",,Nottingham,MD,21236,"Acoustic Pianos, Digital Pianos",39.3741420,-76.4562396,Yes
1472,Artist Pianos,"664 New Loudon Road, Suite 2",,Latham,NY,12110,Digital Pianos,42.7357215,-73.7640540,Yes
1473,Artist Pianos,"5780 Celi Drive,",,East Syracuse,NY,13057,Digital Pianos,43.0510604,-76.0689695,Yes
1668,Artistic Pianos,"740 Los Vallecitos Blvd., Suite 101",,San Marcos,CA,92069,"Acoustic Pianos, Digital Pianos",33.1400817,-117.1782529,Yes
1705,Atlantic Music Center,"420 North Wickham Road, Ste. C",,Melbourne,FL,32935,"Acoustic Pianos, Digital Pianos",28.1136621,-80.6740019,Yes
1712,Atlantic Music Center,1249 North Orange Avenue,,Orlando,FL,32804,"Acoustic Pianos, Digital Pianos",28.5629683,-81.3727224,Yes
1474,Avery Piano Co.,"256 Weybosset Street,",,Providence,RI,02903,"Acoustic Pianos, Digital Pianos",41.8208019,-71.4127414,Yes
1716,AVL Gear,10011 Pioneer Blvd,,Santa Fe Springs,CA,90670,"Acoustic Pianos, Digital Pianos",33.9464237,-118.0806726,Yes
1719,Blues Angel Music Inc.,657 N. Pace Boulevard,,Pensacola,FL,32505,"Acoustic Pianos, Digital Pianos",30.4194406,-87.2418170,Yes
1476,Bobb's Pianos,"1583A North Military Trail,",,West Palm Beach,FL,33409,"Acoustic Pianos, Digital Pianos",26.7002833,-80.1118875,Yes
1477,Boulder Piano Gallery,"3111 Walnut St,",,Boulder,CO,80301,"Acoustic Pianos, Digital Pianos",40.0207677,-105.2526687,Yes
1700,Brock Family Music,960 S. 1st Avenue,,Iowa City,IA,52245,"Acoustic Pianos, Digital Pianos",41.6499411,-91.5014253,Yes
1701,Broussard's Piano Gallery,3154 Cottage Hill Rd,,Mobile,AL,36606,Acoustic Pianos,30.6670452,-88.1202204,Yes
1478,California Keyboards Music Center,2408 Brundage Ln,,Bakersfield,CA,93304,"Acoustic Pianos, Digital Pianos",35.3544178,-119.0303995,Yes
1479,Capital City Keyboards,"1547 Merivale Rd,",,Nepean,ON,K2G 4V3,"Acoustic Pianos, Digital Pianos",45.3548458,-75.7335043,Yes
1482,Case Brothers of Spartanburg,"906 S. Pine Street,",,Spartanburg,SC,29302,"Acoustic Pianos, Digital Pianos",34.9378512,-81.9024480,Yes
1484,Central Music,"10935 SE 177th Place #202,",,Summerfield,FL,34491,Digital Pianos,28.9638121,-81.9798684,Yes
1485,Central Music,"5175 Ulmerton Road,",,Clearwater,FL,33760,Digital Pianos,27.894826,-82.7041689,Yes
1486,Chupp's Piano Service,"67267 State Road 15,",,New Paris,IN,46553,"Acoustic Pianos, Digital Pianos",41.5184811,-85.8295459,Yes
1665,Classic Pianos,6901 Crooked Tree Drive,,Anchorage,AK,99507,"Acoustic Pianos, Digital Pianos",61.1282010,-149.7530643,Yes
1487,Colebrook Pianos,"82 Alexandra Ave,",,Chatham,ON,N7M 1Y1,"Acoustic Pianos, Digital Pianos",42.3931958,-82.1786499,Yes
1489,Conncert Music,5023 E. Cumberland Rd,,Bluefield,WV,24701,"Acoustic Pianos, Digital Pianos",37.2717464,-81.1684878,Yes
1490,Cordogan's Pianoland,"33 W. 441 Rt. 38,",,Geneva,IL,60134,"Acoustic Pianos, Digital Pianos",41.8839588,-88.2709818,Yes
1491,Craig's Piano Shoppe,"2902 Sylvania Ave,",,Toledo,OH,43613,"Acoustic Pianos, Digital Pianos",41.6922015,-83.6132661,Yes
1492,Dave's Piano Showroom,"654 Oakfield Dr,",,Brandon,FL,33511,"Acoustic Pianos, Digital Pianos",27.9348549,-82.2932049,Yes
1493,Dave's Piano Showroom,3231 W. Cypress Street,,Tampa,FL,33607,"Acoustic Pianos, Digital Pianos",27.9523003,-82.4962757,Yes
1497,Dewey Kruger Music Center,"715 Central Ave,",,Northwood,IA,50459-0229,"Acoustic Pianos, Digital Pianos",43.4437944,-93.2216416,Yes
1499,Dunkley Music,"3410 N. Eagle Rd. Suite 150,",,Meridian,ID,83646,"Acoustic Pianos, Digital Pianos",43.6361276,-116.3512042,Yes
1500,Dunkley Music,"1162 Blue Lakes Blvd. N,",,Twin Falls,ID,83301,"Acoustic Pianos, Digital Pianos",42.5823472,-114.4595899,Yes
1503,Edmond Music,"3400 S. Broadway,",,Edmond,OK,73013,"Acoustic Pianos, Digital Pianos",35.6222511,-97.4864861,Yes
1504,Ellis Piano,"1550 Montgomery Hwy,",,Birmingham,AL,35216,"Acoustic Pianos, Digital Pianos",33.4087576,-86.8084389,Yes
1505,England Piano,"3740 Dekalb Technology Pkwy,",,Atlanta,GA,30340,"Acoustic Pianos, Digital Pianos",33.8861293,-84.2687838,Yes
1655,Eugene Piano Company,850 Conger Street,,Eugene,OR,97402,"Acoustic Pianos, Digital Pianos",44.0498820,-123.1347476,Yes
1510,Fairbanks Piano Center,"3255 Adams Street,",,Fairbanks,AK,99709,"Acoustic Pianos, Digital Pianos",64.8339444,-147.7930888,Yes
1511,Family Music Center,"2714 N Green Valley Pkwy,",,Henderson,NV,89014,"Acoustic Pianos, Digital Pianos",36.0695545,-115.0812650,Yes
1512,Family Music Center,"8125 W Sahara Ave #210,",,Las Vegas,NV,89117,"Acoustic Pianos, Digital Pianos",36.1426219,-115.2690339,Yes
1513,Family Music Center,"1631 W, Craig Road,",,North Las Vegas,NV,89032,"Acoustic Pianos, Digital Pianos",36.2377614,-115.1649644,Yes
1514,Family Music Center,"7280 W. Azure Ave,",,Las Vegas,NV,89130,"Acoustic Pianos, Digital Pianos",36.2745653,-115.2536139,Yes
1516,Farley's House of Pianos,"6522 Seybold Rd,",,Madison,WI,53719,"Acoustic Pianos, Digital Pianos",43.0522993,-89.4948152,Yes
1521,Freeburg Pianos,"2314 Asheville Hwy,",,Hendersonville,NC,28791,"Acoustic Pianos, Digital Pianos",35.3430147,-82.4728219,Yes
1522,Garten's Music,"4235 W. Central,",,Wichita,KS,67212,"Acoustic Pianos, Digital Pianos",37.6946113,-97.3930478,Yes
1654,Gilliam Music,"2280 W. Main St,",,Norman,OK,73069,"Acoustic Pianos, Digital Pianos",35.2168539,-97.4755544,Yes
1526,Grafton Piano & Organ Co.,"1081 S. County Line Rd,",,Souderton,PA,18964-1002,"Acoustic Pianos, Digital Pianos",40.3137706,-75.3083966,Yes
1528,Hartland Piano,"1125 James Drive,",,Hartland,WI,53029,"Acoustic Pianos, Digital Pianos",43.0829903,-88.3625253,Yes
1657,Henderson Music,"3100 Old Todds Road, Suite 130,",,Lexington,KY,40509,"Acoustic Pianos, Digital Pianos",38.0089792,-84.4237906,Yes
1662,Henderson Music,1249 S. Hurtsbourne Parkway,,Louisville,KY,40222,"Acoustic Pianos, Digital Pianos",38.2272286,-85.5769439,Yes
1664,Henderson Music Co.,10869 Montgomery Rd. Suite B,,Cincinnati,Ohio,45242,"Acoustic Pianos, Digital Pianos",39.2610068,-84.3392524,Yes
1704,Heppler Piano,825 Nixon Gulch Road,,Manhattan,MT,59741,"Acoustic Pianos, Digital Pianos",45.8609414,-111.3379451,Yes
1674,Herrin Piano,17 Sherington Drive Unit A,,Bluffton,SC,29910,"Acoustic Pianos, Digital Pianos",32.2640742,-80.8581694,Yes
1530,Hilbert Piano,"40 Pleasant St,",,Bristol,VT,05443,"Acoustic Pianos, Digital Pianos",44.1363050,-73.0838989,Yes
1711,International Piano Gallery,5817 Crystal Hill Road N,,Little Rock,AR,72118,"Acoustic Pianos, Digital Pianos",34.8166712,-92.3270541,Yes
1533,Jim's Pianos,1407 Mahan Drive,,Tallahassee,FL,32308,"Acoustic Pianos, Digital Pianos",30.4483887,-84.2595067,Yes
1534,Johnson Piano Exchange,"1707 Highland Ave NE,",,Hickory,NC,28601,"Acoustic Pianos, Digital Pianos",35.7368579,-81.3060501,Yes
1536,Kawai Piano Gallery,"601 W. Plano Parkway, Suite 153,",,Plano,TX,75075,"Acoustic Pianos, Digital Pianos",33.0095839,-96.7125260,Yes
1535,Kawai Piano Gallery,"5800 Richmond Ave,",,Houston,TX,77057,"Acoustic Pianos, Digital Pianos",29.7320565,-95.4811399,Yes
1689,Kawai Piano Gallery by Alamo Music,5930 Broadmoor St,,Mission,KS,66202,"Acoustic Pianos, Digital Pianos",39.0210018,-94.6661468,Yes
1507,Kawai Piano Gallery of Michigan,"2184 S Telegraph Rd,",,Bloomfield Twp,MI,48302,"Acoustic Pianos, Digital Pianos",42.6065451,-83.2981307,Yes
1509,Kawai Piano Gallery of Michigan,"1123 E Eighth St,",,Traverse City,MI,49686,"Acoustic Pianos, Digital Pianos",44.7588029,-85.5940820,Yes
1690,Kawai Piano Gallery of NYC and Long Island,1500 Old Country Rd.,,Westbury,NY,11590,"Acoustic Pianos, Digital Pianos",40.7464722,-73.5956024,Yes
1520,Kawai Piano Gallery of NYC and Long Island,"90-02 Atlantic Ave,",,Ozone Park,NY,11416,"Acoustic Pianos, Digital Pianos",40.6871087,-73.8516616,Yes
1697,Kawai Piano Gallery of Ohio,"1540 Polaris Pkwy, Unit 104",,Columbus,OH,43240,"Acoustic Pianos, Digital Pianos",40.1454866,-82.9793041,Yes
1698,Kawai Piano Gallery of Ohio,"100 Park Ave., Suite 118",,Beachwood,OH,44122,"Acoustic Pianos, Digital Pianos",41.4545599,-81.4857364,Yes
1702,Kawai Piano Gallery of Sacramento,921 12th Street,,Sacramento,CA,95814,"Acoustic Pianos, Digital Pianos",38.5799130,-121.4903864,Yes
1684,Kawai Piano Gallery St. Louis,"21 Meadow Circle Dr, Suite 312,",,Lake St. Louis,MO,63367,"Acoustic Pianos, Digital Pianos",38.7804675,-90.7876061,Yes
1539,Kim's Piano,"14051 Newport Ave., Ste 8,",,Tustin,CA,92780,"Acoustic Pianos, Digital Pianos",33.7369170,-117.8248692,Yes
1540,Kim's Piano,"18604 E Gale Ave,",,City of Industry,CA,91748,"Acoustic Pianos, Digital Pianos",33.9945639,-117.8980634,Yes
1541,Kim's Piano,"10200 Beach Blvd,",,Stanton,CA,90680,"Acoustic Pianos, Digital Pianos",33.8142977,-117.9928529,Yes
1543,Knauer Pianos,"98501 Canwood St, Suite 3E",,Agoura Hills,CA,91301,"Acoustic Pianos, Digital Pianos",34.1469413,-118.7652676,Yes
1544,Knauer Pianos,"19301 Ventura Blvd,",,Tarzana,CA,91356,"Acoustic Pianos, Digital Pianos",34.1729947,-118.5537860,Yes
1718,Kootenay Piano Works,916 18 a Ave N unit 1,,Cranbrook,BC,V1C 3X9,"Acoustic Pianos, Digital Pianos",49.5208616,-115.7554366,Yes
1714,KRAFT MUSIC,9935 S Oakwood Park Dr,,Franklin,WI,53132,Digital Pianos,42.8649296,-87.9749374,Yes
1706,Landrum Piano Gallery,731 South Pear Orchard Road. Suite 34,,Ridgeland,MS,39157,"Acoustic Pianos, Digital Pianos",32.4036150,-90.1243836,Yes
1549,Lane Music,"9648 Kingston Pike,",,Knoxville,TN,37922,"Acoustic Pianos, Digital Pianos",35.9063722,-84.1073086,Yes
1550,Lane Music,"1625 Galleria Blvd,",,Brentwood,TN,37027,"Acoustic Pianos, Digital Pianos",35.9678755,-86.8106971,Yes
1551,Lane Music,"9309 Poplar Ave. #101,",,Germantown,TN,38138,"Acoustic Pianos, Digital Pianos",35.0636400,-89.7518962,Yes
1552,Langlois Music,"1700 McHenry #78,",,Modesto,CA,95350,"Acoustic Pianos, Digital Pianos",37.6685945,-120.9916292,Yes
1554,Lee's Music,"58 E. Main St,",,Price,UT,84501,Digital Pianos,39.5992801,-110.8100997,Yes
1713,Lindeblad Piano Restoration,101 US Highway 46E,,Pine Brook,NJ,07058,"Acoustic Pianos, Digital Pianos",40.8674879,-74.3440842,Yes
1555,Loewen Piano House,"12351 Bridgeport Road,",,Richmond,BC,V6V 1J4,"Acoustic Pianos, Digital Pianos",49.1925340,-123.0862601,Yes
1688,Loewen Piano House Ltd.,7050 King George Blvd,,Surrey,British Columbia,V3W429,"Acoustic Pianos, Digital Pianos",49.1304649,-122.8450772,Yes
1556,London Piano Gallery,"1131 Gainsborough Road,",,London,ON,N6H 5L5,"Acoustic Pianos, Digital Pianos",42.9978762,-81.3363746,Yes
1559,Long & McQuade,"1455 McIntyre St,",,Regina,SK,S4R 8B5,"Acoustic Pianos, Digital Pianos",50.4557625,-104.6160722,Yes
1560,Long & McQuade,"721 - 43rd St. E,",,Saskatoon,SK,S7K 0V7,"Acoustic Pianos, Digital Pianos",52.1596830,-106.6545064,Yes
1561,Lubbock Piano Gallery,"4621 S. Loop 289, Suite C,",,Lubbock,TX,79424,"Acoustic Pianos, Digital Pianos",33.5313520,-101.9114146,Yes
1563,Maus Piano & Organ Co.,"6015 Glenwood Ave,",,Raleigh,NC,27612,"Acoustic Pianos, Digital Pianos",35.8536786,-78.7018067,Yes
1565,Merriam Music,"2359 Bristol Circle,",,Oakville,ON,L6H 6P8,"Acoustic Pianos, Digital Pianos",43.5182580,-79.6764998,Yes
1566,Merriam Music,"73-3175 Rutherford Rd,",,Concord,ON,L4K 5Y6,"Acoustic Pianos, Digital Pianos",43.8286745,-79.5371280,Yes
1683,Merriam Music,943 Eglinton Avenue East,,Toronto,ON,M4G 4B5,"Acoustic Pianos, Digital Pianos",43.7141816,-79.3589413,Yes
1567,Micheo Music,"1679 Ponce de Leon Ave,",,San Juan,PR,0909,"Acoustic Pianos, Digital Pianos",18.4428440,-66.0639043,Yes
1569,Milford Music Center,"837 S. Dupont Hwy,",,Milford,DE,19963,"Acoustic Pianos, Digital Pianos",39.6249946,-75.6400850,Yes
1708,Milford Music Center,837 S Dupont Blvd,,Milford,DE,19963,"Acoustic Pianos, Digital Pianos",38.8942389,-75.4391196,Yes
1570,Miller Piano Company,"5236 E. Independence Blvd,",,Charlotte,NC,28212,"Acoustic Pianos, Digital Pianos",35.1865220,-80.7599797,Yes
1661,Mitchell's Piano Gallery,5045 Country Club Rd,,Wintston-Salem,NC,27104,Acoustic Pianos,36.0860882,-80.3498467,Yes
1571,Mundt Piano & Organ Co.,"420 Jefferson St,",,Burlington,IA,52601,"Acoustic Pianos, Digital Pianos",40.8105885,-91.1046920,Yes
1699,Music Masters,2101 Fort Henry Drive,,Kingsport,TN,37664,"Acoustic Pianos, Digital Pianos",36.5291390,-82.5204440,Yes
1573,Niagara Conservatory,"23 Centre St,",,St. Catharines,ON,L2R 3A8,Digital Pianos,43.1621393,-79.2418189,Yes
1681,Nick's Piano Showroom of Fort Lauderdale,924 NW 1st Street,,Ft. Lauderdale,FL,33311,Digital Pianos,26.1226654,-80.1540674,Yes
1574,Nick's Piano Showroom,"25110 Bernwood Drive, #102",,Bonita Springs,FL,34135,"Acoustic Pianos, Digital Pianos",26.3716210,-81.8021429,Yes
1710,Northwest Pianos,13310 Bel-Red Rd #100,,Bellvue,WA,98005,"Acoustic Pianos, Digital Pianos",47.6227481,-122.1629095,Yes
1691,Palm Desert Piano,"72-171 Highway 111, Suite 101",,Palm Desert,CA,92260,"Acoustic Pianos, Digital Pianos",33.7315713,-116.4054183,Yes
1720,Parramore music Inc.,304 E. Silver Springs Boulevard,,Ocala,Fl,33470,"Acoustic Pianos, Digital Pianos",29.1868303,-82.1341108,Yes
1685,Peabodys Piano Co.,1111 Alverser Drive,,Midlothian,VA,23113,"Acoustic Pianos, Digital Pianos",37.5064289,-77.6172307,Yes
1578,Pellegrino Music Center,"5040 Everhard Rd. NW,",,Canton,OH,44718,"Acoustic Pianos, Digital Pianos",40.8320655,-81.4145412,Yes
1579,Peninsula Piano Brokers,"4333 El Camino Real,",,Palo Alto,CA,94306,Digital Pianos,37.4050610,-122.1182033,Yes
1695,Piano Craft,1675 E Seminole St Ste A,,Springfield,MO,65804,"Acoustic Pianos, Digital Pianos",37.1755507,-93.2647278,Yes
1582,Piano Gallery,"#6-8989 MacLeod Trail, SW,",,Calgary,AB,T2H 0M2,Acoustic Pianos,50.9736036,-114.0726873,Yes
1583,Piano Gallery,"2995 E. 17th St,",,Idaho Falls,ID,83406,"Acoustic Pianos, Digital Pianos",43.4825161,-111.9749974,Yes
1584,Piano Gallery,"338 Yellowstone Ave,",,Pocatello,ID,83201,"Acoustic Pianos, Digital Pianos",42.8812473,-112.4511083,Yes
1682,Piano Masters Inc.,3421 Foothill Blvd,,La Crescenta,CA,91214,"Acoustic Pianos, Digital Pianos",34.2328969,-118.2540314,Yes
1585,Piano Music Center,3800 N. 28th Terrace,,Hollywood,FL,33020,"Acoustic Pianos, Digital Pianos",26.0427775,-80.1638510,Yes
1588,Piano Planet,"560 N. Nimitz Highway, Suite #115A,",,Honolulu,HI,96817,"Acoustic Pianos, Digital Pianos",21.3152820,-157.8690877,Yes
1589,Piano Showcase,"1401 Greenbrier Parkway South,",,Chesapeake,VA,23320,"Acoustic Pianos, Digital Pianos",36.7796122,-76.2273740,Yes
1590,Piano Solutions,"575 West Carmel Drive,",,Carmel,IN,46032,"Acoustic Pianos, Digital Pianos",39.9623759,-86.1374328,Yes
1592,Piano Studio & Showcase,"1560 Biddle Road, Suite F",,Medford,OR,97504,"Acoustic Pianos, Digital Pianos",42.3455554,-122.8737425,Yes
1593,Piano Vertu,"5193 Decarie Boulevard,",,Montreal,QC,H3W 3C2,"Acoustic Pianos, Digital Pianos",45.4846179,-73.6305372,Yes
1696,PianoRentals.com,24716 Redlands Blvd,,Loma Linda,CA,92354,"Acoustic Pianos, Digital Pianos",34.0634047,-117.2653834,Yes
1676,PianoWerkes,7410 Washington St. NE,,Albuquerque,NM,87109,"Acoustic Pianos, Digital Pianos",35.1643749,-106.5976796,Yes
1679,PianoWorks Gallery and Clocks,1019 North Midkiff Road,,Midland,TX,79705,"Acoustic Pianos, Digital Pianos",31.9998663,-102.1189469,Yes
1595,Pierre's Fine Pianos,"11039 W. Pico Blvd,",,Los Angeles,CA,90064,"Acoustic Pianos, Digital Pianos",34.0379402,-118.4337205,Yes
1598,Portland Piano Company,8700 NE Columbia Blvd,,Portland,OR,97220,"Acoustic Pianos, Digital Pianos",45.5638985,-122.5732399,Yes
1600,Prosser Piano And Organ Company,"18505 Firlands Way North,",,Shoreline,WA,98133,"Acoustic Pianos, Digital Pianos",47.7635910,-122.3469764,Yes
1601,Prosser Piano And Organ Company,"5849 Tacoma Mall Boulevard,",,Tacoma,WA,98409,"Acoustic Pianos, Digital Pianos",47.2032154,-122.4623530,Yes
1605,Rieman Music Company,"6501 Douglas Ave,",,Des Moines,IA,50322,"Acoustic Pianos, Digital Pianos",41.6300372,-93.7064680,Yes
1607,Robert M. Sides Family Music,"434 W. Aaron Dr., Suite 200",,State College,PA,16803,"Acoustic Pianos, Digital Pianos",40.8044730,-77.8950204,Yes
1608,Roger's Piano,"12 Worcester Street,",,Natick,MA,01760,"Acoustic Pianos, Digital Pianos",42.3040481,-71.3269754,Yes
1610,San Mateo Piano,"1200 S. El Camino Real,",,San Mateo,CA,94402,"Acoustic Pianos, Digital Pianos",37.5557204,-122.3183914,Yes
1707,San Ramon Piano,730 Camino Ramon #180,,Danville,CA,94526,"Acoustic Pianos, Digital Pianos",37.8097805,-121.9898587,Yes
1611,Schaeffer's Piano,"105 N. Stonestreet Ave,",,Rockville,MD,20850,"Acoustic Pianos, Digital Pianos",39.0862343,-77.1466906,Yes
1623,Schmitt Music,1209 W 41st St,,Sioux Falls,SD,57105,"Acoustic Pianos, Digital Pianos",43.5143879,-96.7399490,Yes
1617,Schmitt Music Company,7800 Harmony Drive,,Bloomington,MN,55439,"Acoustic Pianos, Digital Pianos",44.8602579,-93.3560714,Yes
1618,Schmitt Music Company,14200 Cedar Avenue South,,Apple Valley,MN,55124,"Acoustic Pianos, Digital Pianos",44.7432980,-93.2165112,Yes
1619,Schmitt Music Company,1765 highway 52 North,,Rochester,MN,55901,"Acoustic Pianos, Digital Pianos",44.0414872,-92.4886640,Yes
1620,Schmitt Music Company,"4101 13th Ave. SW, Village West Shopping Ctr,",,Fargo,ND,58103-3340,"Acoustic Pianos, Digital Pianos",46.8632210,-96.8488250,Yes
1621,Schmitt Music Company,"7355 Dodge St,",,Omaha,NE,68114,"Acoustic Pianos, Digital Pianos",41.2593319,-96.0265904,Yes
1625,SoCal Piano,"740 S. Rochester Avenue, Suite B,",,Ontario,CA,91761,"Acoustic Pianos, Digital Pianos",34.0569046,-117.5472349,Yes
1715,St. John's Music,#2-1330 Portage Avenue,,Winnipeg,MB,R3G 0V6,"Acoustic Pianos, Digital Pianos",49.8820435,-97.1901870,Yes
1667,Steinway Piano Gallery,11247 US Highway 31,,Spanish Fort,AL,36527,Digital Pianos,30.6774285,-87.8317608,Yes
1634,Steinway Piano Gallery of Spokane,"13418 E Nora Ave,",,Spokane Valley,WA,99216,"Acoustic Pianos, Digital Pianos",47.6736516,-117.2240764,Yes
1636,Summerhays Piano Source,"1006 S. State St,",,Orem,UT,84058,"Acoustic Pianos, Digital Pianos",40.2783454,-111.6872660,Yes
1637,Summerhays Piano Source,"5430 Green Street,",,Murray,UT,84123,"Acoustic Pianos, Digital Pianos",40.6519912,-111.9035294,Yes
1709,Sweetwater Sound,5501 U.S. Hwy 30 W,,Fort Wayne,IN,46818,Digital Pianos,41.1236689,-85.2141567,Yes
1638,Taylor's Music,"116 W. Gay St,",,West Chester,PA,19380,"Acoustic Pianos, Digital Pianos",39.9595362,-75.6066916,Yes
1639,The Eighth Note,"10 S Main St,",,Oneonta,NY,13820,"Acoustic Pianos, Digital Pianos",42.4544810,-75.0605790,Yes
1640,The Music Suite,"1906 N Providence,",,Columbia,MO,65202,"Acoustic Pianos, Digital Pianos",38.9727045,-92.3333719,Yes
1641,The Piano Company,"11794 Fair Oaks Mall, Suite 104 A",,Fairfax,VA,22033,"Acoustic Pianos, Digital Pianos",38.8632953,-77.3581925,Yes
1642,The Piano Company,"21100 Dulles Town Circle, Ste. 101,",,Sterling,VA,20166,"Acoustic Pianos, Digital Pianos",39.0323720,-77.4239385,Yes
1646,Tri-City Pianos,"3400 King St. East,",,Kitchener,ON,N2A 1V3,"Acoustic Pianos, Digital Pianos",43.4255089,-80.4203509,Yes
1647,Turner's Keyboards,"2358 Washington Road,",,Augusta,GA,30904,"Acoustic Pianos, Digital Pianos",33.4985749,-82.0118893,Yes
1648,Tyler Piano & Organ,"3531 S. Broadway, Suite 900,",,Tyler,TX,75701,"Acoustic Pianos, Digital Pianos",32.3098848,-95.3012160,Yes
1693,Valley Pianos,"90 E. Escalon, Suite 101",,Fresno,CA,93710,"Acoustic Pianos, Digital Pianos",36.8271238,-119.7882917,Yes
1649,Vittone's Music,"801 North Greengate Rd,",,Greensburg,PA,15601,"Acoustic Pianos, Digital Pianos",40.3082169,-79.5746206,Yes
1650,Warner Piano Company,"465 E. Taunton Ave. Unit 105,",,West Berlin,NJ,8091,"Acoustic Pianos, Digital Pianos",39.8037238,-74.9166150,Yes
1651,West Michigan Piano,"3600 29th Street S.E,",,Kentwood,MI,49512,"Acoustic Pianos, Digital Pianos",42.9087328,-85.5782317,Yes
1652,White's Music Box,"200 S. Downtown Mall, Drawer #909,",,Las Cruces,NM,88001,"Acoustic Pianos, Digital Pianos",32.3104516,-106.7788009,Yes
1653,White's Music Box,"7040 North Mesa, Suite M,",,El Paso,TX,79912,"Acoustic Pianos, Digital Pianos",31.8365125,-106.5523224,Yes
1677,Worldwide Piano Inc.,804 US Highway 1,,Edison,NJ,08817,"Acoustic Pianos, Digital Pianos",40.5119581,-74.3802866,Yes
